menu,api_name,api_id,method,url,tr_real,tr_mock
[국내주식] ELW 시세,ELW LP매매추이,국내주식-182,GET,/uapi/elw/v1/quotations/lp-trade-trend,FHPEW03760000,
[국내주식] ELW 시세,ELW 거래량순위,국내주식-168,GET,/uapi/elw/v1/ranking/volume-rank,FHPEW02780000,모의투자 미지원
[국내주식] ELW 시세,ELW 기초자산 목록조회,국내주식-185,GET,/uapi/elw/v1/quotations/udrl-asset-list,FHKEW154100C0,모의투자 미지원
[국내주식] ELW 시세,ELW 기초자산별 종목시세,국내주식-186,GET,/uapi/elw/v1/quotations/udrl-asset-price,FHKEW154101C0,모의투자 미지원
[국내주식] ELW 시세,ELW 당일급변종목,국내주식-171,GET,/uapi/elw/v1/ranking/quick-change,FHPEW02870000,모의투자 미지원
[국내주식] ELW 시세,ELW 만기예정/만기종목,국내주식-184,GET,/uapi/elw/v1/quotations/expiration-stocks,FHKEW154700C0,모의투자 미지원
[국내주식] ELW 시세,ELW 민감도 순위,국내주식-170,GET,/uapi/elw/v1/ranking/sensitivity,FHPEW02850000,모의투자 미지원
[국내주식] ELW 시세,ELW 민감도 추이(일별),국내주식-176,GET,/uapi/elw/v1/quotations/sensitivity-trend-daily,FHPEW02830200,모의투자 미지원
[국내주식] ELW 시세,ELW 민감도 추이(체결),국내주식-175,GET,/uapi/elw/v1/quotations/sensitivity-trend-ccnl,FHPEW02830100,모의투자 미지원
[국내주식] ELW 시세,ELW 변동성 추이(분별),국내주식-179,GET,/uapi/elw/v1/quotations/volatility-trend-minute,FHPEW02840300,모의투자 미지원
[국내주식] ELW 시세,ELW 변동성 추이(일별),국내주식-178,GET,/uapi/elw/v1/quotations/volatility-trend-daily,FHPEW02840200,모의투자 미지원
[국내주식] ELW 시세,ELW 변동성 추이(틱),국내주식-180,GET,/uapi/elw/v1/quotations/volatility-trend-tick,FHPEW02840400,모의투자 미지원
[국내주식] ELW 시세,ELW 변동성추이(체결),국내주식-177,GET,/uapi/elw/v1/quotations/volatility-trend-ccnl,FHPEW02840100,모의투자 미지원
[국내주식] ELW 시세,ELW 비교대상종목조회,국내주식-183,GET,/uapi/elw/v1/quotations/compare-stocks,FHKEW151701C0,모의투자 미지원
[국내주식] ELW 시세,ELW 상승률순위,국내주식-167,GET,/uapi/elw/v1/ranking/updown-rate,FHPEW02770000,모의투자 미지원
[국내주식] ELW 시세,ELW 신규상장종목,국내주식-181,GET,/uapi/elw/v1/quotations/newly-listed,FHKEW154800C0,모의투자 미지원
[국내주식] ELW 시세,ELW 종목검색,국내주식-166,GET,/uapi/elw/v1/quotations/cond-search,FHKEW15100000,모의투자 미지원
[국내주식] ELW 시세,ELW 지표순위,국내주식-169,GET,/uapi/elw/v1/ranking/indicator,FHPEW02790000,모의투자 미지원
[국내주식] ELW 시세,ELW 투자지표추이(분별),국내주식-174,GET,/uapi/elw/v1/quotations/indicator-trend-minute,FHPEW02740300,모의투자 미지원
[국내주식] ELW 시세,ELW 투자지표추이(일별),국내주식-173,GET,/uapi/elw/v1/quotations/indicator-trend-daily,FHPEW02740200,모의투자 미지원
[국내주식] ELW 시세,ELW 투자지표추이(체결),국내주식-172,GET,/uapi/elw/v1/quotations/indicator-trend-ccnl,FHPEW02740100,모의투자 미지원
[국내주식] ELW 시세,ELW 현재가 시세,v1_국내주식-014,GET,/uapi/domestic-stock/v1/quotations/inquire-elw-price,FHKEW15010000,FHKEW15010000
[국내주식] 기본시세,ETF 구성종목시세,국내주식-073,GET,/uapi/etfetn/v1/quotations/inquire-component-stock-price,FHKST121600C0,모의투자 미지원
[국내주식] 기본시세,ETF/ETN 현재가,v1_국내주식-068,GET,/uapi/etfetn/v1/quotations/inquire-price,FHPST02400000,모의투자 미지원
[국내주식] 기본시세,NAV 비교추이(분),v1_국내주식-070,GET,/uapi/etfetn/v1/quotations/nav-comparison-time-trend,FHPST02440100,모의투자 미지원
[국내주식] 기본시세,NAV 비교추이(일),v1_국내주식-071,GET,/uapi/etfetn/v1/quotations/nav-comparison-daily-trend,FHPST02440200,모의투자 미지원
[국내주식] 기본시세,NAV 비교추이(종목),v1_국내주식-069,GET,/uapi/etfetn/v1/quotations/nav-comparison-trend,FHPST02440000,모의투자 미지원
[국내주식] 기본시세,국내주식 시간외현재가,국내주식-076,GET,/uapi/domestic-stock/v1/quotations/inquire-overtime-price,FHPST02300000,모의투자 미지원
[국내주식] 기본시세,국내주식 시간외호가,국내주식-077,GET,/uapi/domestic-stock/v1/quotations/inquire-overtime-asking-price,FHPST02300400,모의투자 미지원
[국내주식] 기본시세,국내주식 장마감 예상체결가,국내주식-120,GET,/uapi/domestic-stock/v1/quotations/exp-closing-price,FHKST117300C0,모의투자 미지원
[국내주식] 기본시세,국내주식기간별시세(일/주/월/년),v1_국내주식-016,GET,/uapi/domestic-stock/v1/quotations/inquire-daily-itemchartprice,FHKST03010100,FHKST03010100
[국내주식] 기본시세,주식당일분봉조회,v1_국내주식-022,GET,/uapi/domestic-stock/v1/quotations/inquire-time-itemchartprice,FHKST03010200,FHKST03010200
[국내주식] 기본시세,주식일별분봉조회,국내주식-213,GET,/uapi/domestic-stock/v1/quotations/inquire-time-dailychartprice,FHKST03010230,모의투자 미지원
[국내주식] 기본시세,주식현재가 당일시간대별체결,v1_국내주식-023,GET,/uapi/domestic-stock/v1/quotations/inquire-time-itemconclusion,FHPST01060000,FHPST01060000
[국내주식] 기본시세,주식현재가 시간외시간별체결,v1_국내주식-025,GET,/uapi/domestic-stock/v1/quotations/inquire-time-overtimeconclusion,FHPST02310000,FHPST02310000
[국내주식] 기본시세,주식현재가 시간외일자별주가,v1_국내주식-026,GET,/uapi/domestic-stock/v1/quotations/inquire-daily-overtimeprice,FHPST02320000,FHPST02320000
[국내주식] 기본시세,주식현재가 시세,v1_국내주식-008,GET,/uapi/domestic-stock/v1/quotations/inquire-price,FHKST01010100,FHKST01010100
[국내주식] 기본시세,주식현재가 시세2,v1_국내주식-054,GET,/uapi/domestic-stock/v1/quotations/inquire-price-2,FHPST01010000,모의투자 미지원
[국내주식] 기본시세,주식현재가 일자별,v1_국내주식-010,GET,/uapi/domestic-stock/v1/quotations/inquire-daily-price,FHKST01010400,FHKST01010400
[국내주식] 기본시세,주식현재가 체결,v1_국내주식-009,GET,/uapi/domestic-stock/v1/quotations/inquire-ccnl,FHKST01010300,FHKST01010300
[국내주식] 기본시세,주식현재가 투자자,v1_국내주식-012,GET,/uapi/domestic-stock/v1/quotations/inquire-investor,FHKST01010900,FHKST01010900
[국내주식] 기본시세,주식현재가 호가/예상체결,v1_국내주식-011,GET,/uapi/domestic-stock/v1/quotations/inquire-asking-price-exp-ccn,FHKST01010200,FHKST01010200
[국내주식] 기본시세,주식현재가 회원사,v1_국내주식-013,GET,/uapi/domestic-stock/v1/quotations/inquire-member,FHKST01010600,FHKST01010600
[국내주식] 순위분석,HTS조회상위20종목,국내주식-214,GET,/uapi/domestic-stock/v1/ranking/hts-top-view,HHMCM000100C0,모의투자 미지원
[국내주식] 순위분석,거래량순위,v1_국내주식-047,GET,/uapi/domestic-stock/v1/quotations/volume-rank,FHPST01710000,모의투자 미지원
[국내주식] 순위분석,국내주식 공매도 상위종목,국내주식-133,GET,/uapi/domestic-stock/v1/ranking/short-sale,FHPST04820000,모의투자 미지원
[국내주식] 순위분석,국내주식 관심종목등록 상위,v1_국내주식-102,GET,/uapi/domestic-stock/v1/ranking/top-interest-stock,FHPST01800000,모의투자 미지원
[국내주식] 순위분석,국내주식 당사매매종목 상위,v1_국내주식-104,GET,/uapi/domestic-stock/v1/ranking/traded-by-company,FHPST01860000,모의투자 미지원
[국내주식] 순위분석,국내주식 대량체결건수 상위,국내주식-107,GET,/uapi/domestic-stock/v1/ranking/bulk-trans-num,FHKST190900C0,모의투자 미지원
[국내주식] 순위분석,국내주식 등락률 순위,v1_국내주식-088,GET,/uapi/domestic-stock/v1/ranking/fluctuation,FHPST01700000,모의투자 미지원
[국내주식] 순위분석,국내주식 배당률 상위,국내주식-106,GET,/uapi/domestic-stock/v1/ranking/dividend-rate,HHKDB13470100,모의투자 미지원
[국내주식] 순위분석,국내주식 수익자산지표 순위,v1_국내주식-090,GET,/uapi/domestic-stock/v1/ranking/profit-asset-index,FHPST01730000,모의투자 미지원
[국내주식] 순위분석,국내주식 시가총액 상위,v1_국내주식-091,GET,/uapi/domestic-stock/v1/ranking/market-cap,FHPST01740000,모의투자 미지원
[국내주식] 순위분석,국내주식 시간외거래량순위,국내주식-139,GET,/uapi/domestic-stock/v1/ranking/overtime-volume,FHPST02350000,모의투자 미지원
[국내주식] 순위분석,국내주식 시간외등락율순위,국내주식-138,GET,/uapi/domestic-stock/v1/ranking/overtime-fluctuation,FHPST02340000,모의투자 미지원
[국내주식] 순위분석,국내주식 시간외잔량 순위,v1_국내주식-093,GET,/uapi/domestic-stock/v1/ranking/after-hour-balance,FHPST01760000,모의투자 미지원
[국내주식] 순위분석,국내주식 시장가치 순위,v1_국내주식-096,GET,/uapi/domestic-stock/v1/ranking/market-value,FHPST01790000,모의투자 미지원
[국내주식] 순위분석,국내주식 신고/신저근접종목 상위,v1_국내주식-105,GET,/uapi/domestic-stock/v1/ranking/near-new-highlow,FHPST01870000,모의투자 미지원
[국내주식] 순위분석,국내주식 신용잔고 상위,국내주식-109,GET,/uapi/domestic-stock/v1/ranking/credit-balance,FHKST17010000,모의투자 미지원
[국내주식] 순위분석,국내주식 예상체결 상승/하락상위,v1_국내주식-103,GET,/uapi/domestic-stock/v1/ranking/exp-trans-updown,FHPST01820000,모의투자 미지원
[국내주식] 순위분석,국내주식 우선주/괴리율 상위,v1_국내주식-094,GET,/uapi/domestic-stock/v1/ranking/prefer-disparate-ratio,FHPST01770000,모의투자 미지원
[국내주식] 순위분석,국내주식 이격도 순위,v1_국내주식-095,GET,/uapi/domestic-stock/v1/ranking/disparity,FHPST01780000,모의투자 미지원
[국내주식] 순위분석,국내주식 재무비율 순위,v1_국내주식-092,GET,/uapi/domestic-stock/v1/ranking/finance-ratio,FHPST01750000,모의투자 미지원
[국내주식] 순위분석,국내주식 체결강도 상위,v1_국내주식-101,GET,/uapi/domestic-stock/v1/ranking/volume-power,FHPST01680000,모의투자 미지원
[국내주식] 순위분석,국내주식 호가잔량 순위,국내주식-089,GET,/uapi/domestic-stock/v1/ranking/quote-balance,FHPST01720000,모의투자 미지원
[국내주식] 시세분석,관심종목 그룹별 종목조회,국내주식-203,GET,/uapi/domestic-stock/v1/quotations/intstock-stocklist-by-group,HHKCM113004C6,모의투자 미지원
[국내주식] 시세분석,관심종목 그룹조회,국내주식-204,GET,/uapi/domestic-stock/v1/quotations/intstock-grouplist,HHKCM113004C7,모의투자 미지원
[국내주식] 시세분석,관심종목(멀티종목) 시세조회,국내주식-205,GET,/uapi/domestic-stock/v1/quotations/intstock-multprice,FHKST11300006,모의투자 미지원
[국내주식] 시세분석,국내 증시자금 종합,국내주식-193,GET,/uapi/domestic-stock/v1/quotations/mktfunds,FHKST649100C0,모의투자 미지원
[국내주식] 시세분석,국내기관_외국인 매매종목가집계,국내주식-037,GET,/uapi/domestic-stock/v1/quotations/foreign-institution-total,FHPTJ04400000,모의투자 미지원
[국내주식] 시세분석,국내주식 공매도 일별추이,국내주식-134,GET,/uapi/domestic-stock/v1/quotations/daily-short-sale,FHPST04830000,모의투자 미지원
[국내주식] 시세분석,국내주식 매물대/거래비중,국내주식-196,GET,/uapi/domestic-stock/v1/quotations/pbar-tratio,FHPST01130000,모의투자 미지원
[국내주식] 시세분석,국내주식 상하한가 포착,국내주식-190,GET,/uapi/domestic-stock/v1/quotations/capture-uplowprice,FHKST130000C0,모의투자 미지원
[국내주식] 시세분석,국내주식 시간외예상체결등락률,국내주식-140,GET,/uapi/domestic-stock/v1/ranking/overtime-exp-trans-fluct,FHKST11860000,모의투자 미지원
[국내주식] 시세분석,국내주식 신용잔고 일별추이,국내주식-110,GET,/uapi/domestic-stock/v1/quotations/daily-credit-balance,FHPST04760000,모의투자 미지원
[국내주식] 시세분석,국내주식 예상체결가 추이,국내주식-118,GET,/uapi/domestic-stock/v1/quotations/exp-price-trend,FHPST01810000,모의투자 미지원
[국내주식] 시세분석,국내주식 체결금액별 매매비중,국내주식-192,GET,/uapi/domestic-stock/v1/quotations/tradprt-byamt,FHKST111900C0,모의투자 미지원
[국내주식] 시세분석,시장별 투자자매매동향(시세),v1_국내주식-074,GET,/uapi/domestic-stock/v1/quotations/inquire-investor-time-by-market,FHPTJ04030000,모의투자 미지원
[국내주식] 시세분석,시장별 투자자매매동향(일별),국내주식-075,GET,/uapi/domestic-stock/v1/quotations/inquire-investor-daily-by-market,FHPTJ04040000,모의투자 미지원
[국내주식] 시세분석,외국계 매매종목 가집계,국내주식-161,GET,/uapi/domestic-stock/v1/quotations/frgnmem-trade-estimate,FHKST644100C0,모의투자 미지원
[국내주식] 시세분석,종목별 외국계 순매수추이,국내주식-164,GET,/uapi/domestic-stock/v1/quotations/frgnmem-pchs-trend,FHKST644400C0,모의투자 미지원
[국내주식] 시세분석,종목별 외인기관 추정가집계,v1_국내주식-046,GET,/uapi/domestic-stock/v1/quotations/investor-trend-estimate,HHPTJ04160200,모의투자 미지원
[국내주식] 시세분석,종목별 일별 대차거래추이,국내주식-135,GET,/uapi/domestic-stock/v1/quotations/daily-loan-trans,HHPST074500C0,모의투자 미지원
[국내주식] 시세분석,종목별 투자자매매동향(일별),종목별 투자자매매동향(일별),GET,/uapi/domestic-stock/v1/quotations/investor-trade-by-stock-daily,FHPTJ04160001,모의투자 미지원
[국내주식] 시세분석,종목별 프로그램매매추이(일별),국내주식-113,GET,/uapi/domestic-stock/v1/quotations/program-trade-by-stock-daily,FHPPG04650201,모의투자 미지원
[국내주식] 시세분석,종목별 프로그램매매추이(체결),v1_국내주식-044,GET,/uapi/domestic-stock/v1/quotations/program-trade-by-stock,FHPPG04650101,모의투자 미지원
[국내주식] 시세분석,종목별일별매수매도체결량,v1_국내주식-056,GET,/uapi/domestic-stock/v1/quotations/inquire-daily-trade-volume,FHKST03010800,모의투자 미지원
[국내주식] 시세분석,종목조건검색 목록조회,국내주식-038,GET,/uapi/domestic-stock/v1/quotations/psearch-title,HHKST03900300,모의투자 미지원
[국내주식] 시세분석,종목조건검색조회,국내주식-039,GET,/uapi/domestic-stock/v1/quotations/psearch-result,HHKST03900400,모의투자 미지원
[국내주식] 시세분석,주식현재가 회원사 종목매매동향,국내주식-197,GET,/uapi/domestic-stock/v1/quotations/inquire-member-daily,FHPST04540000,모의투자 미지원
[국내주식] 시세분석,프로그램매매 종합현황(시간),국내주식-114,GET,/uapi/domestic-stock/v1/quotations/comp-program-trade-today,FHPPG04600101,모의투자 미지원
[국내주식] 시세분석,프로그램매매 종합현황(일별),국내주식-115,GET,/uapi/domestic-stock/v1/quotations/comp-program-trade-daily,FHPPG04600001,모의투자 미지원
[국내주식] 시세분석,프로그램매매 투자자매매동향(당일),국내주식-116,GET,/uapi/domestic-stock/v1/quotations/investor-program-trade-today,HHPPG046600C1,모의투자 미지원
[국내주식] 실시간시세,국내주식 장운영정보 (NXT),국내주식 장운영정보 (NXT),POST,/tryitout/H0NXMKO0,H0NXMKO0,모의투자 미지원
[국내주식] 실시간시세,국내주식 장운영정보 (통합),국내주식 장운영정보 (통합),POST,/tryitout/H0UNMKO0,H0UNMKO0,모의투자 미지원
[국내주식] 업종/기타,국내선물 영업일조회,국내주식-160,GET,/uapi/domestic-stock/v1/quotations/market-time,HHMCM000002C0,모의투자 미지원
[국내주식] 업종/기타,국내업종 구분별전체시세,v1_국내주식-066,GET,/uapi/domestic-stock/v1/quotations/inquire-index-category-price,FHPUP02140000,모의투자 미지원
[국내주식] 업종/기타,국내업종 시간별지수(분),국내주식-119,GET,/uapi/domestic-stock/v1/quotations/inquire-index-timeprice,FHPUP02110200,모의투자 미지원
[국내주식] 업종/기타,국내업종 시간별지수(초),국내주식-064,GET,/uapi/domestic-stock/v1/quotations/inquire-index-tickprice,FHPUP02110100,모의투자 미지원
[국내주식] 업종/기타,국내업종 일자별지수,v1_국내주식-065,GET,/uapi/domestic-stock/v1/quotations/inquire-index-daily-price,FHPUP02120000,모의투자 미지원
[국내주식] 업종/기타,국내업종 현재지수,v1_국내주식-063,GET,/uapi/domestic-stock/v1/quotations/inquire-index-price,FHPUP02100000,모의투자 미지원
[국내주식] 업종/기타,국내주식 예상체결 전체지수,국내주식-122,GET,/uapi/domestic-stock/v1/quotations/exp-total-index,FHKUP11750000,모의투자 미지원
[국내주식] 업종/기타,국내주식 예상체결지수 추이,국내주식-121,GET,/uapi/domestic-stock/v1/quotations/exp-index-trend,FHPST01840000,모의투자 미지원
[국내주식] 업종/기타,국내주식업종기간별시세(일/주/월/년),v1_국내주식-021,GET,/uapi/domestic-stock/v1/quotations/inquire-daily-indexchartprice,FHKUP03500100,FHKUP03500100
[국내주식] 업종/기타,국내휴장일조회,국내주식-040,GET,/uapi/domestic-stock/v1/quotations/chk-holiday,CTCA0903R,모의투자 미지원
[국내주식] 업종/기타,금리 종합(국내채권/금리),국내주식-155,GET,/uapi/domestic-stock/v1/quotations/comp-interest,FHPST07020000,모의투자 미지원
[국내주식] 업종/기타,변동성완화장치(VI) 현황,v1_국내주식-055,GET,/uapi/domestic-stock/v1/quotations/inquire-vi-status,FHPST01390000,모의투자 미지원
[국내주식] 업종/기타,업종 분봉조회,v1_국내주식-045,GET,/uapi/domestic-stock/v1/quotations/inquire-time-indexchartprice,FHKUP03500200,모의투자 미지원
[국내주식] 업종/기타,종합 시황/공시(제목),국내주식-141,GET,/uapi/domestic-stock/v1/quotations/news-title,FHKST01011800,모의투자 미지원
[국내주식] 종목정보,국내주식 기타주요비율,v1_국내주식-082,GET,/uapi/domestic-stock/v1/finance/other-major-ratios,FHKST66430500,모의투자 미지원
[국내주식] 종목정보,국내주식 당사 신용가능종목,국내주식-111,GET,/uapi/domestic-stock/v1/quotations/credit-by-company,FHPST04770000,모의투자 미지원
[국내주식] 종목정보,국내주식 대차대조표,v1_국내주식-078,GET,/uapi/domestic-stock/v1/finance/balance-sheet,FHKST66430100,모의투자 미지원
[국내주식] 종목정보,국내주식 성장성비율,v1_국내주식-085,GET,/uapi/domestic-stock/v1/finance/growth-ratio,FHKST66430800,모의투자 미지원
[국내주식] 종목정보,국내주식 손익계산서,v1_국내주식-079,GET,/uapi/domestic-stock/v1/finance/income-statement,FHKST66430200,모의투자 미지원
[국내주식] 종목정보,국내주식 수익성비율,v1_국내주식-081,GET,/uapi/domestic-stock/v1/finance/profit-ratio,FHKST66430400,모의투자 미지원
[국내주식] 종목정보,국내주식 안정성비율,v1_국내주식-083,GET,/uapi/domestic-stock/v1/finance/stability-ratio,FHKST66430600,모의투자 미지원
[국내주식] 종목정보,국내주식 재무비율,v1_국내주식-080,GET,/uapi/domestic-stock/v1/finance/financial-ratio,FHKST66430300,모의투자 미지원
[국내주식] 종목정보,국내주식 종목추정실적,국내주식-187,GET,/uapi/domestic-stock/v1/quotations/estimate-perform,HHKST668300C0,모의투자 미지원
[국내주식] 종목정보,국내주식 종목투자의견,국내주식-188,GET,/uapi/domestic-stock/v1/quotations/invest-opinion,FHKST663300C0,모의투자 미지원
[국내주식] 종목정보,국내주식 증권사별 투자의견,국내주식-189,GET,/uapi/domestic-stock/v1/quotations/invest-opbysec,FHKST663400C0,모의투자 미지원
[국내주식] 종목정보,당사 대주가능 종목,국내주식-195,GET,/uapi/domestic-stock/v1/quotations/lendable-by-company,CTSC2702R,모의투자 미지원
[국내주식] 종목정보,상품기본조회,v1_국내주식-029,GET,/uapi/domestic-stock/v1/quotations/search-info,CTPF1604R,모의투자 미지원
[국내주식] 종목정보,예탁원정보(공모주청약일정),국내주식-151,GET,/uapi/domestic-stock/v1/ksdinfo/pub-offer,HHKDB669108C0,모의투자 미지원
[국내주식] 종목정보,예탁원정보(무상증자일정),국내주식-144,GET,/uapi/domestic-stock/v1/ksdinfo/bonus-issue,HHKDB669101C0,모의투자 미지원
[국내주식] 종목정보,예탁원정보(배당일정),국내주식-145,GET,/uapi/domestic-stock/v1/ksdinfo/dividend,HHKDB669102C0,모의투자 미지원
[국내주식] 종목정보,예탁원정보(상장정보일정),국내주식-150,GET,/uapi/domestic-stock/v1/ksdinfo/list-info,HHKDB669107C0,모의투자 미지원
[국내주식] 종목정보,예탁원정보(실권주일정),국내주식-152,GET,/uapi/domestic-stock/v1/ksdinfo/forfeit,HHKDB669109C0,모의투자 미지원
[국내주식] 종목정보,예탁원정보(액면교체일정),국내주식-148,GET,/uapi/domestic-stock/v1/ksdinfo/rev-split,HHKDB669105C0,모의투자 미지원
[국내주식] 종목정보,예탁원정보(유상증자일정),국내주식-143,GET,/uapi/domestic-stock/v1/ksdinfo/paidin-capin,HHKDB669100C0,모의투자 미지원
[국내주식] 종목정보,예탁원정보(의무예치일정),국내주식-153,GET,/uapi/domestic-stock/v1/ksdinfo/mand-deposit,HHKDB669110C0,모의투자 미지원
[국내주식] 종목정보,예탁원정보(자본감소일정),국내주식-149,GET,/uapi/domestic-stock/v1/ksdinfo/cap-dcrs,HHKDB669106C0,모의투자 미지원
[국내주식] 종목정보,예탁원정보(주식매수청구일정),국내주식-146,GET,/uapi/domestic-stock/v1/ksdinfo/purreq,HHKDB669103C0,모의투자 미지원
[국내주식] 종목정보,예탁원정보(주주총회일정),국내주식-154,GET,/uapi/domestic-stock/v1/ksdinfo/sharehld-meet,HHKDB669111C0,모의투자 미지원
[국내주식] 종목정보,예탁원정보(합병/분할일정),국내주식-147,GET,/uapi/domestic-stock/v1/ksdinfo/merger-split,HHKDB669104C0,모의투자 미지원
[국내주식] 종목정보,주식기본조회,v1_국내주식-067,GET,/uapi/domestic-stock/v1/quotations/search-stock-info,CTPF1002R,모의투자 미지원
[국내주식] 주문/계좌,기간별계좌권리현황조회,국내주식-211,GET,/uapi/domestic-stock/v1/trading/period-rights,CTRGA011R,모의투자 미지원
[국내주식] 주문/계좌,기간별매매손익현황조회,v1_국내주식-060,GET,/uapi/domestic-stock/v1/trading/inquire-period-trade-profit,TTTC8715R,모의투자 미지원
[국내주식] 주문/계좌,기간별손익일별합산조회,v1_국내주식-052,GET,/uapi/domestic-stock/v1/trading/inquire-period-profit,TTTC8708R,모의투자 미지원
[국내주식] 주문/계좌,매도가능수량조회,국내주식-165,GET,/uapi/domestic-stock/v1/trading/inquire-psbl-sell,TTTC8408R,모의투자 미지원
[국내주식] 주문/계좌,매수가능조회,v1_국내주식-007,GET,/uapi/domestic-stock/v1/trading/inquire-psbl-order,TTTC8908R,VTTC8908R
[국내주식] 주문/계좌,신용매수가능조회,v1_국내주식-042,GET,/uapi/domestic-stock/v1/trading/inquire-credit-psamount,TTTC8909R,모의투자 미지원
[국내주식] 주문/계좌,주식예약주문,v1_국내주식-017,POST,/uapi/domestic-stock/v1/trading/order-resv,CTSC0008U,모의투자 미지원
[국내주식] 주문/계좌,주식예약주문정정취소,"v1_국내주식-018,019",POST,/uapi/domestic-stock/v1/trading/order-resv-rvsecncl,(예약취소) CTSC0009U (예약정정) CTSC0013U,모의투자 미지원
[국내주식] 주문/계좌,주식예약주문조회,v1_국내주식-020,GET,/uapi/domestic-stock/v1/trading/order-resv-ccnl,CTSC0004R,모의투자 미지원
[국내주식] 주문/계좌,주식일별주문체결조회,v1_국내주식-005,GET,/uapi/domestic-stock/v1/trading/inquire-daily-ccld,(3개월이내) TTTC0081R (3개월이전) CTSC9215R,(3개월이내) VTTC0081R (3개월이전) VTSC9215R
[국내주식] 주문/계좌,주식잔고조회,v1_국내주식-006,GET,/uapi/domestic-stock/v1/trading/inquire-balance,TTTC8434R,VTTC8434R
[국내주식] 주문/계좌,주식잔고조회_실현손익,v1_국내주식-041,GET,/uapi/domestic-stock/v1/trading/inquire-balance-rlz-pl,TTTC8494R,모의투자 미지원
[국내주식] 주문/계좌,주식정정취소가능주문조회,v1_국내주식-004,GET,/uapi/domestic-stock/v1/trading/inquire-psbl-rvsecncl,TTTC0084R,모의투자 미지원
[국내주식] 주문/계좌,주식주문(신용),v1_국내주식-002,POST,/uapi/domestic-stock/v1/trading/order-credit,(매도) TTTC0051U (매수) TTTC0052U,모의투자 미지원
[국내주식] 주문/계좌,주식주문(정정취소),v1_국내주식-003,POST,/uapi/domestic-stock/v1/trading/order-rvsecncl,TTTC0013U,VTTC0013U
[국내주식] 주문/계좌,주식주문(현금),v1_국내주식-001,POST,/uapi/domestic-stock/v1/trading/order-cash,(매도) TTTC0011U (매수) TTTC0012U,(매도) VTTC0011U (매수) VTTC0012U
[국내주식] 주문/계좌,주식통합증거금 현황,국내주식-191,GET,/uapi/domestic-stock/v1/trading/intgr-margin,TTTC0869R,모의투자 미지원
[국내주식] 주문/계좌,퇴직연금 매수가능조회,v1_국내주식-034,GET,/uapi/domestic-stock/v1/trading/pension/inquire-psbl-order,TTTC0503R,모의투자 미지원
[국내주식] 주문/계좌,퇴직연금 미체결내역,v1_국내주식-033,GET,/uapi/domestic-stock/v1/trading/pension/inquire-daily-ccld,"TTTC2201R(기존 KRX만 가능), TTTC2210R (KRX,NXT/SOR)",모의투자 미지원
[국내주식] 주문/계좌,퇴직연금 예수금조회,v1_국내주식-035,GET,/uapi/domestic-stock/v1/trading/pension/inquire-deposit,TTTC0506R,모의투자 미지원
[국내주식] 주문/계좌,퇴직연금 잔고조회,v1_국내주식-036,GET,/uapi/domestic-stock/v1/trading/pension/inquire-balance,TTTC2208R,모의투자 미지원
[국내주식] 주문/계좌,퇴직연금 체결기준잔고,v1_국내주식-032,GET,/uapi/domestic-stock/v1/trading/pension/inquire-present-balance,TTTC2202R,모의투자 미지원
[국내주식] 주문/계좌,투자계좌자산현황조회,v1_국내주식-048,GET,/uapi/domestic-stock/v1/trading/inquire-account-balance,CTRP6548R,모의투자 미지원
[해외주식] 기본시세,해외결제일자조회,해외주식-017,GET,/uapi/overseas-stock/v1/quotations/countries-holiday,CTOS5011R,모의투자 미지원
[해외주식] 기본시세,해외주식 기간별시세,v1_해외주식-010,GET,/uapi/overseas-price/v1/quotations/dailyprice,HHDFS76240000,HHDFS76240000
[해외주식] 기본시세,해외주식 복수종목 시세조회,해외주식 복수종목 시세조회,GET,/uapi/overseas-price/v1/quotations/multprice,HHDFS76220000 ,미지원 
[해외주식] 기본시세,해외주식 상품기본정보,v1_해외주식-034,GET,/uapi/overseas-price/v1/quotations/search-info,CTPF1702R,모의투자 미지원
[해외주식] 기본시세,해외주식 업종별시세,해외주식-048,GET,/uapi/overseas-price/v1/quotations/industry-theme,HHDFS76370000,모의투자 미지원
[해외주식] 기본시세,해외주식 업종별코드조회,해외주식-049,GET,/uapi/overseas-price/v1/quotations/industry-price,HHDFS76370100,모의투자 미지원
[해외주식] 기본시세,해외주식 종목/지수/환율기간별시세(일/주/월/년),v1_해외주식-012,GET,/uapi/overseas-price/v1/quotations/inquire-daily-chartprice,FHKST03030100,FHKST03030100
[해외주식] 기본시세,해외주식 체결추이,해외주식-037,GET,/uapi/overseas-price/v1/quotations/inquire-ccnl,HHDFS76200300,모의투자 미지원
[해외주식] 기본시세,해외주식 현재가 호가,해외주식-033,GET,/uapi/overseas-price/v1/quotations/inquire-asking-price,HHDFS76200100,모의투자 미지원
[해외주식] 기본시세,해외주식 현재가상세,v1_해외주식-029,GET,/uapi/overseas-price/v1/quotations/price-detail,HHDFS76200200,모의투자 미지원
[해외주식] 기본시세,해외주식 현재체결가,v1_해외주식-009,GET,/uapi/overseas-price/v1/quotations/price,HHDFS00000300,HHDFS00000300
[해외주식] 기본시세,해외주식분봉조회,v1_해외주식-030,GET,/uapi/overseas-price/v1/quotations/inquire-time-itemchartprice,HHDFS76950200,모의투자 미지원
[해외주식] 기본시세,해외주식조건검색,v1_해외주식-015,GET,/uapi/overseas-price/v1/quotations/inquire-search,HHDFS76410000,HHDFS76410000
[해외주식] 기본시세,해외지수분봉조회,v1_해외주식-031,GET,/uapi/overseas-price/v1/quotations/inquire-time-indexchartprice,FHKST03030200,모의투자 미지원
[해외주식] 시세분석,당사 해외주식담보대출 가능 종목,해외주식-051,GET,/uapi/overseas-price/v1/quotations/colable-by-company,CTLN4050R,모의투자 미지원
[해외주식] 시세분석,해외뉴스종합(제목),해외주식-053,GET,/uapi/overseas-price/v1/quotations/news-title,HHPSTH60100C1,모의투자 미지원
[해외주식] 시세분석,해외속보(제목),해외주식-055,GET,/uapi/overseas-price/v1/quotations/brknews-title,FHKST01011801,모의투자 미지원
[해외주식] 시세분석,해외주식 가격급등락,해외주식-038,GET,/uapi/overseas-stock/v1/ranking/price-fluct,HHDFS76260000,모의투자 미지원
[해외주식] 시세분석,해외주식 거래대금순위,해외주식-044,GET,/uapi/overseas-stock/v1/ranking/trade-pbmn,HHDFS76320010,모의투자 미지원
[해외주식] 시세분석,해외주식 거래량급증,해외주식-039,GET,/uapi/overseas-stock/v1/ranking/volume-surge,HHDFS76270000,모의투자 미지원
[해외주식] 시세분석,해외주식 거래량순위,해외주식-043,GET,/uapi/overseas-stock/v1/ranking/trade-vol,HHDFS76310010,모의투자 미지원
[해외주식] 시세분석,해외주식 거래증가율순위,해외주식-045,GET,/uapi/overseas-stock/v1/ranking/trade-growth,HHDFS76330000,모의투자 미지원
[해외주식] 시세분석,해외주식 거래회전율순위,해외주식-046,GET,/uapi/overseas-stock/v1/ranking/trade-turnover,HHDFS76340000,모의투자 미지원
[해외주식] 시세분석,해외주식 권리종합,해외주식-050,GET,/uapi/overseas-price/v1/quotations/rights-by-ice,HHDFS78330900,모의투자 미지원
[해외주식] 시세분석,해외주식 기간별권리조회,해외주식-052,GET,/uapi/overseas-price/v1/quotations/period-rights,CTRGT011R,모의투자 미지원
[해외주식] 시세분석,해외주식 매수체결강도상위,해외주식-040,GET,/uapi/overseas-stock/v1/ranking/volume-power,HHDFS76280000,모의투자 미지원
[해외주식] 시세분석,해외주식 상승율/하락율,해외주식-041,GET,/uapi/overseas-stock/v1/ranking/updown-rate,HHDFS76290000,모의투자 미지원
[해외주식] 시세분석,해외주식 시가총액순위,해외주식-047,GET,/uapi/overseas-stock/v1/ranking/market-cap,HHDFS76350100,모의투자 미지원
[해외주식] 시세분석,해외주식 신고/신저가,해외주식-042,GET,/uapi/overseas-stock/v1/ranking/new-highlow,HHDFS76300000,모의투자 미지원
[해외주식] 주문/계좌,해외주식 결제기준잔고,해외주식-064,GET,/uapi/overseas-stock/v1/trading/inquire-paymt-stdr-balance,CTRP6010R,모의투자 미지원
[해외주식] 주문/계좌,해외주식 기간손익,v1_해외주식-032,GET,/uapi/overseas-stock/v1/trading/inquire-period-profit,TTTS3039R,모의투자 미지원
[해외주식] 주문/계좌,해외주식 매수가능금액조회,v1_해외주식-014,GET,/uapi/overseas-stock/v1/trading/inquire-psamount,TTTS3007R,VTTS3007R
[해외주식] 주문/계좌,해외주식 미국주간정정취소,v1_해외주식-027,POST,/uapi/overseas-stock/v1/trading/daytime-order-rvsecncl,TTTS6038U,모의투자 미지원
[해외주식] 주문/계좌,해외주식 미국주간주문,v1_해외주식-026,POST,/uapi/overseas-stock/v1/trading/daytime-order,(주간매수) TTTS6036U (주간매도) TTTS6037U,모의투자 미지원
[해외주식] 주문/계좌,해외주식 미체결내역,v1_해외주식-005,GET,/uapi/overseas-stock/v1/trading/inquire-nccs,TTTS3018R,모의투자 미지원
[해외주식] 주문/계좌,해외주식 예약주문접수,v1_해외주식-002,POST,/uapi/overseas-stock/v1/trading/order-resv,(미국예약매수) TTTT3014U  (미국예약매도) TTTT3016U   (중국/홍콩/일본/베트남 예약주문) TTTS3013U,(미국예약매수) VTTT3014U  (미국예약매도) VTTT3016U   (중국/홍콩/일본/베트남 예약주문) VTTS3013U
[해외주식] 주문/계좌,해외주식 예약주문접수취소,v1_해외주식-004,POST,/uapi/overseas-stock/v1/trading/order-resv-ccnl,(미국 예약주문 취소접수) TTTT3017U (아시아국가 미제공),(미국 예약주문 취소접수) VTTT3017U (아시아국가 미제공)
[해외주식] 주문/계좌,해외주식 예약주문조회,v1_해외주식-013,GET,/uapi/overseas-stock/v1/trading/order-resv-list,(미국) TTTT3039R (일본/중국/홍콩/베트남) TTTS3014R,모의투자 미지원
[해외주식] 주문/계좌,해외주식 일별거래내역,해외주식-063,GET,/uapi/overseas-stock/v1/trading/inquire-period-trans,CTOS4001R,모의투자 미지원
[해외주식] 주문/계좌,해외주식 잔고,v1_해외주식-006,GET,/uapi/overseas-stock/v1/trading/inquire-balance,TTTS3012R,VTTS3012R
[해외주식] 주문/계좌,해외주식 정정취소주문,v1_해외주식-003,POST,/uapi/overseas-stock/v1/trading/order-rvsecncl,(미국 정정·취소) TTTT1004U (아시아 국가 하단 규격서 참고),(미국 정정·취소) VTTT1004U (아시아 국가 하단 규격서 참고)
[해외주식] 주문/계좌,해외주식 주문,v1_해외주식-001,POST,/uapi/overseas-stock/v1/trading/order,(미국매수) TTTT1002U  (미국매도) TTTT1006U (아시아 국가 하단 규격서 참고),(미국매수) VTTT1002U  (미국매도) VTTT1001U  (아시아 국가 하단 규격서 참고)
[해외주식] 주문/계좌,해외주식 주문체결내역,v1_해외주식-007,GET,/uapi/overseas-stock/v1/trading/inquire-ccnl,TTTS3035R,VTTS3035R
[해외주식] 주문/계좌,해외주식 지정가주문번호조회,해외주식-071,GET,/uapi/overseas-stock/v1/trading/algo-ordno,TTTS6058R,모의투자 미지원
[해외주식] 주문/계좌,해외주식 지정가체결내역조회,해외주식-070,GET,/uapi/overseas-stock/v1/trading/inquire-algo-ccnl,TTTS6059R,모의투자 미지원
[해외주식] 주문/계좌,해외주식 체결기준현재잔고,v1_해외주식-008,GET,/uapi/overseas-stock/v1/trading/inquire-present-balance,CTRP6504R,VTRP6504R
[해외주식] 주문/계좌,해외증거금 통화별조회,해외주식-035,GET,/uapi/overseas-stock/v1/trading/foreign-margin,TTTC2101R,모의투자 미지원
